id,created_at,source,original_text,clean_text,lang,favorite_count,retweet_count,original_author,possibly_sensitive,hashtags,user_mentions,place,place_coord_boundaries
1606976244993908738,Sun Dec 25 11:32:47 +0000 2022,"<a href=""http://twitter.com/download/iphone"" rel=""nofollow"">Twitter for iPhone</a>","RT @GOAL_ID: 2022 menjadi tahun yang luar biasa bagi Lionel Messi ğŸ„

#MegaBintang #Argentina #PialaDunia2022 #FIFAWorldCup #Qatar2022 httpsâ€¦",lionel messi https,in,0,7,ayuprdita,,"MegaBintang, Argentina, PialaDunia2022, FIFAWorldCup, Qatar2022",GOAL_ID,"Magelang Selatan, Indonesia",
1606975161173159936,Sun Dec 25 11:28:29 +0000 2022,"<a href=""http://twitter.com/download/android"" rel=""nofollow"">Twitter for Android</a>","How sick!

#Qatar2022 #QatarWorldCup2022 #WorldcupQatar2022 #WorldCup2022 
#Messi https://t.co/IZWTfPgtav",how sick,en,0,0,_Kabir_Ali_,False,"Qatar2022, QatarWorldCup2022, WorldcupQatar2022, WorldCup2022, Messi",,,
1606972161226326016,Sun Dec 25 11:16:33 +0000 2022,"<a href=""http://twitter.com/download/iphone"" rel=""nofollow"">Twitter for iPhone</a>","2022 menjadi tahun yang luar biasa bagi Lionel Messi ğŸ„

#MegaBintang #Argentina #PialaDunia2022 #FIFAWorldCupÂ  #Qatar2022Â #betwinnerindonesia https://t.co/OMt1uNf5EX",lionel messi,in,0,0,Betwinnerid,False,"MegaBintang, Argentina, PialaDunia2022, FIFAWorldCup, Qatar2022, betwinnerindonesia",,,
1606967407624728576,Sun Dec 25 10:57:40 +0000 2022,"<a href=""http://twitter.com/download/android"" rel=""nofollow"">Twitter for Android</a>","RT @GOAL_ID: 2022 menjadi tahun yang luar biasa bagi Lionel Messi ğŸ„

#MegaBintang #Argentina #PialaDunia2022 #FIFAWorldCup #Qatar2022 httpsâ€¦",lionel messi https,in,0,7,aahmaadi_,,"MegaBintang, Argentina, PialaDunia2022, FIFAWorldCup, Qatar2022",GOAL_ID,BDL,
1606964140412899331,Sun Dec 25 10:44:41 +0000 2022,"<a href=""http://twitter.com/download/android"" rel=""nofollow"">Twitter for Android</a>","RT @GOAL_ID: Trezeguet menyayangkan kekalahan Prancis. Tetapi sebagai seseorang yang juga memiliki darah Argentina, ia mengaku Messi dkk paâ€¦",trezeguet menyayangkan kekalahan prancis memiliki darah argentina mengaku messi dan kawan-kawan pa,in,0,6,________alyyssa,,,GOAL_ID,,
1606962582270930944,Sun Dec 25 10:38:30 +0000 2022,"<a href=""http://twitter.com/download/android"" rel=""nofollow"">Twitter for Android</a>","RT @GOAL_ID: Trezeguet menyayangkan kekalahan Prancis. Tetapi sebagai seseorang yang juga memiliki darah Argentina, ia mengaku Messi dkk paâ€¦",trezeguet menyayangkan kekalahan prancis memiliki darah argentina mengaku messi dan kawan-kawan pa,in,0,6,amaro_sobri,,,GOAL_ID,,
1606962525979181058,Sun Dec 25 10:38:16 +0000 2022,"<a href=""http://twitter.com/download/android"" rel=""nofollow"">Twitter for Android</a>","RT @GOAL_ID: ğŸ—£ï¸ ""Terima kasih telah memberikan saya Piala Dunia""

Kiper terbaik #PialaDunia2022 Emiliano Martinez memberikan pesan kepada sâ€¦",terima kasih piala dunia kiper terbaik emiliano martinez pesan s,in,0,9,amaro_sobri,,PialaDunia2022,GOAL_ID,,
1606959401612750849,Sun Dec 25 10:25:51 +0000 2022,"<a href=""https://mobile.twitter.com"" rel=""nofollow"">Twitter Web App</a>","Event Parlay 4 Tim Berkah365
Syarat &amp; Ketentuan : 
- Berlaku untuk semua member Berkah365
- Wajib 4 tim - Stake 100K/200K/300K - Odds min. 1.80
- Jenis pasangan HDP &amp; O/U (HT FULL atau FT FULL) tidak boleh campur

#pialadunia2022 #promoparlayberkah365 #berkah365 #prediksiparlay https://t.co/fx5sYvmeTH",event parlay tim berkah syarat amp ketentuan berlaku member berkah wajib tim stake odds min pasangan hdp amp o ht full ft full tidak campur,in,1,0,slotberkah365,False,"pialadunia2022, promoparlayberkah365, berkah365, prediksiparlay",,Jakarta,
1606955914623582208,Sun Dec 25 10:12:00 +0000 2022,"<a href=""http://twitter.com/download/android"" rel=""nofollow"">Twitter for Android</a>",#QatarWorldCup2022 #Qatar2022 #Quito #QuaiNetwork #QatarWorldCup #quackityfanart #quotes #WinterStorm #WorldcupQatar2022 #WorldCup2022 #WhiteGirl #whamageddon #WeStandWithMegan #Ethereum #EmilyInParis #Eraserheads2022 #Evri #Enflasyon #EXO #RebornRichEp15 #art #RIPMampintsha #Job https://t.co/MYwQWjndqV,,und,0,0,ShresthaTiwari4,False,"QatarWorldCup2022, Qatar2022, Quito, QuaiNetwork, QatarWorldCup, quackityfanart, quotes, WinterStorm, WorldcupQatar2022, WorldCup2022, WhiteGirl, whamageddon, WeStandWithMegan, Ethereum, EmilyInParis, Eraserheads2022, Evri, Enflasyon, EXO, RebornRichEp15, art, RIPMampintsha, Job",,,
1606954286440939522,Sun Dec 25 10:05:32 +0000 2022,"<a href=""http://fajar.co.id/"" rel=""nofollow"">FAJAR.CO.ID</a>",Wasit Final Piala Dunia 2022 Akui Bikin Kesalahan yang Rugikan Prancis https://t.co/Sf96dfz8Yv #FinalPialaDunia2022 #PialaDunia2022 #SzymonMarciniak,wasit final piala dunia akui bikin kesalahan rugikan prancis,in,1,0,fajaronline,False,"FinalPialaDunia2022, PialaDunia2022, SzymonMarciniak",,"Jakarta, Indonesia",
1606953873230692352,Sun Dec 25 10:03:53 +0000 2022,"<a href=""http://twitter.com/download/android"" rel=""nofollow"">Twitter for Android</a>","RT @GOAL_ID: 2022 menjadi tahun yang luar biasa bagi Lionel Messi ğŸ„

#MegaBintang #Argentina #PialaDunia2022 #FIFAWorldCup #Qatar2022 httpsâ€¦",lionel messi https,in,0,7,amaro_sobri,,"MegaBintang, Argentina, PialaDunia2022, FIFAWorldCup, Qatar2022",GOAL_ID,,
1606952873564459008,Sun Dec 25 09:59:55 +0000 2022,"<a href=""http://twitter.com/download/android"" rel=""nofollow"">Twitter for Android</a>","RT @YareY4r3Daze: Lengkap, all Goals #FIFAWorldCup, yg akhirnya dijuarai oleh Argentina, total 172 goal, rekor terbanyak dalam satu turnameâ€¦",lengkap all goals dijuarai argentina total goal rekor dalam turname,in,0,29,Junna_id,,FIFAWorldCup,YareY4r3Daze,"Bali, Indonesia",
1606949873550491648,Sun Dec 25 09:48:00 +0000 2022,"<a href=""https://mobile.twitter.com"" rel=""nofollow"">Twitter Web App</a>","pola andalan dari penonton enak banget buat dapat profit

â˜ https://t.co/31dMz0tKiG

#rtpslotgacor #pragmaticplay #malang #riau #likeforlike #rtpslot #fypage #slotgacor  #pialadunia2022 #fff #lfl #slotgacorhariini #fyp #palembang #bandung #medan #jakarta #surabaya #lampung https://t.co/tSehNPJtEF",pola andalan penonton enak banget profit,in,0,0,Slotasiabet2,False,"rtpslotgacor, pragmaticplay, malang, riau, likeforlike, rtpslot, fypage, slotgacor, pialadunia2022, fff, lfl, slotgacorhariini, fyp, palembang, bandung, medan, jakarta, surabaya, lampung",,DKI Jakarta,
1606949747826331648,Sun Dec 25 09:47:30 +0000 2022,"<a href=""https://mobile.twitter.com"" rel=""nofollow"">Twitter Web App</a>","pola andalan dari penonton enak banget buat dapat profit

â˜ https://t.co/bDLm3r97VJ

#rtpslotgacor #pragmaticplay #malang #riau #likeforlike #rtpslot #fypage #slotgacor  #pialadunia2022 #fff #lfl #slotgacorhariini #fyp #palembang #bandung #medan #jakarta #surabaya #lampung https://t.co/NVvAXymWqK",pola andalan penonton enak banget profit,in,0,0,Slotasiabet1,False,"rtpslotgacor, pragmaticplay, malang, riau, likeforlike, rtpslot, fypage, slotgacor, pialadunia2022, fff, lfl, slotgacorhariini, fyp, palembang, bandung, medan, jakarta, surabaya, lampung",,"DKI Jakarta, Indonesia",
1606946108848365568,Sun Dec 25 09:33:02 +0000 2022,"<a href=""http://twitter.com/download/android"" rel=""nofollow"">Twitter for Android</a>","RT @GOAL_ID: 2022 menjadi tahun yang luar biasa bagi Lionel Messi ğŸ„

#MegaBintang #Argentina #PialaDunia2022 #FIFAWorldCup #Qatar2022 httpsâ€¦",lionel messi https,in,0,7,edy10031976,,"MegaBintang, Argentina, PialaDunia2022, FIFAWorldCup, Qatar2022",GOAL_ID,"Semarang kota , Indonesia",
1606944937706409986,Sun Dec 25 09:28:23 +0000 2022,"<a href=""http://twitter.com/download/android"" rel=""nofollow"">Twitter for Android</a>","RT @GOAL_ID: 2022 menjadi tahun yang luar biasa bagi Lionel Messi ğŸ„

#MegaBintang #Argentina #PialaDunia2022 #FIFAWorldCup #Qatar2022 httpsâ€¦",lionel messi https,in,0,7,epamb_,,"MegaBintang, Argentina, PialaDunia2022, FIFAWorldCup, Qatar2022",GOAL_ID,"Klaten, Jawa Tengah",
1606944815148859392,Sun Dec 25 09:27:54 +0000 2022,"<a href=""http://twitter.com/download/android"" rel=""nofollow"">Twitter for Android</a>","RT @GOAL_ID: 2022 menjadi tahun yang luar biasa bagi Lionel Messi ğŸ„

#MegaBintang #Argentina #PialaDunia2022 #FIFAWorldCup #Qatar2022 httpsâ€¦",lionel messi https,in,0,7,depodIGHIN,,"MegaBintang, Argentina, PialaDunia2022, FIFAWorldCup, Qatar2022",GOAL_ID,Prince Milanelloâ„¢,
1606944743271063554,Sun Dec 25 09:27:37 +0000 2022,"<a href=""http://twitter.com/download/android"" rel=""nofollow"">Twitter for Android</a>","RT @GOAL_ID: ğŸ—£ï¸ ""Terima kasih telah memberikan saya Piala Dunia""

Kiper terbaik #PialaDunia2022 Emiliano Martinez memberikan pesan kepada sâ€¦",terima kasih piala dunia kiper terbaik emiliano martinez pesan s,in,0,9,Ramdhan_NH,,PialaDunia2022,GOAL_ID,BOGOR ,
1606943282743095297,Sun Dec 25 09:21:48 +0000 2022,"<a href=""https://about.twitter.com/products/tweetdeck"" rel=""nofollow"">TweetDeck</a>","2022 menjadi tahun yang luar biasa bagi Lionel Messi ğŸ„

#MegaBintang #Argentina #PialaDunia2022 #FIFAWorldCup #Qatar2022 https://t.co/bcSO16FaRh",lionel messi,in,73,7,GOAL_ID,False,"MegaBintang, Argentina, PialaDunia2022, FIFAWorldCup, Qatar2022",,Indonesia,
1606938469221433345,Sun Dec 25 09:02:41 +0000 2022,"<a href=""http://twitter.com/download/android"" rel=""nofollow"">Twitter for Android</a>","Silahkan di kolab angka Pasaran SINGAPORE hari ini, untuk angka jadi 4D bisa langsung hubungi Eyang, di 081290619516, monggo.

#sgpeyang #sgpjitu #sydneypaus #sydneyangkajitu #togel #prediksitogel #angkajitutogel #angkaeyang #bandaronline #pialadunia2022 #fifaworldcup https://t.co/XCxXTSj5x6",silahkan kolab angka pasaran singapore angka hubungi eyang monggo,in,1,0,eyang_sugih,False,"sgpeyang, sgpjitu, sydneypaus, sydneyangkajitu, togel, prediksitogel, angkajitutogel, angkaeyang, bandaronline, pialadunia2022, fifaworldcup",,,
1606937363028283392,Sun Dec 25 08:58:17 +0000 2022,"<a href=""http://twitter.com/download/android"" rel=""nofollow"">Twitter for Android</a>","RT @GOAL_ID: ğŸ—£ï¸ ""Terima kasih telah memberikan saya Piala Dunia""

Kiper terbaik #PialaDunia2022 Emiliano Martinez memberikan pesan kepada sâ€¦",terima kasih piala dunia kiper terbaik emiliano martinez pesan s,in,0,9,jussunkiss,,PialaDunia2022,GOAL_ID,"Sukoharjo, Indonesia",
1606936918532689920,Sun Dec 25 08:56:31 +0000 2022,"<a href=""http://twitter.com/download/android"" rel=""nofollow"">Twitter for Android</a>","Live Streaming Basketball hari ini. 
Link : ada digambar (biar nggk keciduk kominfo)

(05.00) Boston Celtics vs Milwaukee Bucks
(08.00) Golden State Warriors vs Memphis Grizzlies
(10.30) Denver Nuggets vs Phoenix Suns

#PialaDunia2022 #livestreaming #nba #basketball https://t.co/31T80f8nVc",live streaming basketball link digambar biar nggk keciduk kominfo boston celtics vs milwaukee bucks golden state warriors vs memphis grizzlies denver nuggets vs phoenix suns,en,0,0,nodrakorfilm,False,"PialaDunia2022, livestreaming, nba, basketball",,"Jawa Timur, Indonesia",
1606936722662920193,Sun Dec 25 08:55:44 +0000 2022,"<a href=""http://twitter.com/download/android"" rel=""nofollow"">Twitter for Android</a>","Live Streaming Basketball hari ini. 
Link : ada digambar (biar nggk keciduk kominfo)

(00.00) New York Knicks vs Philadelphia 76ers
(02.30) Dallas Mavericks vs Los Angeles Lakers

#QatarWorldCup2022 #FIFAWorldCup2022 
#PialaDunia2022 #livestreaming #nba #basketball https://t.co/lEM0qiy3VM",live streaming basketball link digambar biar nggk keciduk kominfo new york knicks vs philadelphia ers dallas mavericks vs los angeles lakers,in,0,0,nodrakorfilm,False,"QatarWorldCup2022, FIFAWorldCup2022, PialaDunia2022, livestreaming, nba, basketball",,"Jawa Timur, Indonesia",
1606936208193785856,Sun Dec 25 08:53:42 +0000 2022,"<a href=""http://twitter.com/download/android"" rel=""nofollow"">Twitter for Android</a>","Live Streaming Sepakbola hari ini. 
Link : ada digambar (biar nggk keciduk kominfo)

(20.00) Gaziantepspor x Besiktas
(23.00) Galatasaray x Istanbulspor

#QatarWorldCup2022 #FIFAWorldCup2022 
#PialaDunia2022 #livestreaming https://t.co/pppWbdoV0O",live streaming sepakbola link digambar biar nggk keciduk kominfo gaziantepspor x besiktas galatasaray x istanbulspor,in,0,0,nodrakorfilm,False,"QatarWorldCup2022, FIFAWorldCup2022, PialaDunia2022, livestreaming",,"Jawa Timur, Indonesia",
1606935849731776513,Sun Dec 25 08:52:16 +0000 2022,"<a href=""http://twitter.com/download/android"" rel=""nofollow"">Twitter for Android</a>","RT @Gargi32354857: Thanks so much  ğŸ™ğŸ½ğŸ™ğŸ½ğŸ™‡ğŸ¼â€â™€ï¸ğŸ’ƒğŸ½ğŸ‰
We all must 
#ScoreForSoil 
#SaveSoil 
#SauvonsLesSols 
#WorldcupQatar2022 
#WorldCup  
#Woâ€¦",terima kasih so much we all must,en,0,87,shomboooo,,"ScoreForSoil, SaveSoil, SauvonsLesSols, WorldcupQatar2022, WorldCup",Gargi32354857,"Tamil Nadu, India",
1606935390891683846,Sun Dec 25 08:50:27 +0000 2022,"<a href=""http://twitter.com/download/android"" rel=""nofollow"">Twitter for Android</a>","RT @Gargi32354857: Thanks so much  ğŸ™ğŸ½ğŸ™ğŸ½ğŸ™‡ğŸ¼â€â™€ï¸ğŸ’ƒğŸ½ğŸ‰
We all must 
#ScoreForSoil 
#SaveSoil 
#SauvonsLesSols 
#WorldcupQatar2022 
#WorldCup  
#Woâ€¦",terima kasih so much we all must,en,0,87,SwarnaVemuri,,"ScoreForSoil, SaveSoil, SauvonsLesSols, WorldcupQatar2022, WorldCup",Gargi32354857,,
1606935385699147776,Sun Dec 25 08:50:26 +0000 2022,"<a href=""http://twitter.com/download/android"" rel=""nofollow"">Twitter for Android</a>","RT @GOAL_ID: ğŸ—£ï¸ ""Terima kasih telah memberikan saya Piala Dunia""

Kiper terbaik #PialaDunia2022 Emiliano Martinez memberikan pesan kepada sâ€¦",terima kasih piala dunia kiper terbaik emiliano martinez pesan s,in,0,9,Maz_Wur,,PialaDunia2022,GOAL_ID,"Tegal, indonesia",
1606935152881434625,Sun Dec 25 08:49:30 +0000 2022,"<a href=""https://mobile.twitter.com"" rel=""nofollow"">Twitter Web App</a>","pola andalan dari penonton enak banget buat dapat profit

â˜ https://t.co/jBxZNikcw6

#rtpslotgacor #pragmaticplay #malang #riau #likeforlike #rtpslot #fypage #slotgacor  #pialadunia2022 #fff #lfl #slotgacorhariini #fyp #palembang #bandung #medan #jakarta #surabaya #lampung https://t.co/qWSi4ahnP8",pola andalan penonton enak banget profit,in,0,0,slotasiabet3,False,"rtpslotgacor, pragmaticplay, malang, riau, likeforlike, rtpslot, fypage, slotgacor, pialadunia2022, fff, lfl, slotgacorhariini, fyp, palembang, bandung, medan, jakarta, surabaya, lampung",,Surabaya,
1606934019530268672,Sun Dec 25 08:45:00 +0000 2022,"<a href=""https://mobile.twitter.com"" rel=""nofollow"">Twitter Web App</a>","pola andalan dari penonton enak banget buat dapat profit

â˜ https://t.co/XCD6FugowN

#rtpslotgacor #pragmaticplay #malang #riau #likeforlike #rtpslot #fypage #slotgacor  #pialadunia2022 #fff #lfl #slotgacorhariini #fyp #palembang #bandung #medan #jakarta #surabaya #lampung https://t.co/8k12eIvCFR",pola andalan penonton enak banget profit,in,0,0,slotasiabet,False,"rtpslotgacor, pragmaticplay, malang, riau, likeforlike, rtpslot, fypage, slotgacor, pialadunia2022, fff, lfl, slotgacorhariini, fyp, palembang, bandung, medan, jakarta, surabaya, lampung",,"DKI Jakarta, Indonesia",
1606934002262478848,Sun Dec 25 08:44:56 +0000 2022,"<a href=""https://mobile.twitter.com"" rel=""nofollow"">Twitter Web App</a>","Rame banget yang berburu Laeeb minggu ini. Pada ngincer foto bareng mumpung maskot #PialaDunia2022 ada di 3 kota dari Bekasi, Bandung, sampe Surabaya #SCMWorldCup2022 https://t.co/DdpXTQIOnz",ramai banget berburu laeeb ngincer foto bareng maskot kota bekasi bandung surabaya,in,0,0,uchisnaga,False,"PialaDunia2022, SCMWorldCup2022",,,
1606932965468274688,Sun Dec 25 08:40:48 +0000 2022,"<a href=""http://twitter.com/download/android"" rel=""nofollow"">Twitter for Android</a>","RT @GOAL_ID: ğŸ—£ï¸ ""Terima kasih telah memberikan saya Piala Dunia""

Kiper terbaik #PialaDunia2022 Emiliano Martinez memberikan pesan kepada sâ€¦",terima kasih piala dunia kiper terbaik emiliano martinez pesan s,in,0,9,DeniAgungP,,PialaDunia2022,GOAL_ID,Area Salatiga,
1606931264678002688,Sun Dec 25 08:34:03 +0000 2022,"<a href=""https://dlvrit.com/"" rel=""nofollow"">dlvr.it</a>",Legenda Liverpool: Emiliano Martinez Permalukan Negaranya! https://t.co/mKtdbMOqBj #Argentina #EmilianoMartinez #Liverpool #PialaDunia2022 #Qatar https://t.co/dKSmZRqs9x,legenda liverpool emiliano martinez permalukan negaranya,in,0,0,Beritabaruco,False,"Argentina, EmilianoMartinez, Liverpool, PialaDunia2022, Qatar",,"Jakarta Pusat, DKI Jakarta",
1606931182012465160,Sun Dec 25 08:33:43 +0000 2022,"<a href=""http://twitter.com/download/android"" rel=""nofollow"">Twitter for Android</a>","RT @indizenborneo: Gol keren #Mbappe belum bisa bikin #Fra bawa pulang piala. SemangatğŸ«¶ğŸ»

Full time ğŸ‡¦ğŸ‡·3-3ğŸ‡«ğŸ‡·
Penalti ğŸ‡¦ğŸ‡·4-2ğŸ‡«ğŸ‡·

Selamat buat Aâ€¦",gol keren bikin bawa pulang piala semangatfull time penalti selamat a,in,0,21,AryaBudiyana,,"Mbappe, Fra",indizenborneo,,
1606930397216264193,Sun Dec 25 08:30:36 +0000 2022,"<a href=""http://twitter.com/download/android"" rel=""nofollow"">Twitter for Android</a>","RT @GOAL_ID: ğŸ—£ï¸ ""Terima kasih telah memberikan saya Piala Dunia""

Kiper terbaik #PialaDunia2022 Emiliano Martinez memberikan pesan kepada sâ€¦",terima kasih piala dunia kiper terbaik emiliano martinez pesan s,in,0,9,AndreBumiayu,,PialaDunia2022,GOAL_ID,,
1606926022100013057,Sun Dec 25 08:13:13 +0000 2022,"<a href=""http://twitter.com/download/android"" rel=""nofollow"">Twitter for Android</a>","RT @wahyususilo: Nah di obrolan episode ini, ada fakta-fakta lain yang selama ini tersembunyi dalam helatan akbar  #PialaDunia2022 ini. Lanâ€¦",obrolan episode fakta fakta tersembunyi dalam helatan akbar lan,in,0,1,migrantcare,,PialaDunia2022,wahyususilo,Jakarta - Kuala Lumpur,
1606925644595859456,Sun Dec 25 08:11:43 +0000 2022,"<a href=""http://twitter.com/download/android"" rel=""nofollow"">Twitter for Android</a>","Nah di obrolan episode ini, ada fakta-fakta lain yang selama ini tersembunyi dalam helatan akbar  #PialaDunia2022 ini. Langsung cuss tonton obrolan doi bareng Jesse, Arlene dan @awigra di channel https://t.co/SpNpKoaS7Q https://t.co/LWOL0b7NkG",obrolan episode fakta fakta tersembunyi dalam helatan akbar cuss tonton obrolan doi bareng jesse arlene channel,in,3,1,wahyususilo,False,PialaDunia2022,awigra,"ÃœT: -6.2599782,106.8433966",
1606924767818579969,Sun Dec 25 08:08:14 +0000 2022,"<a href=""http://twitter.com/download/android"" rel=""nofollow"">Twitter for Android</a>","Silahkan di kolab angka Pasaran HUAHIN 1630 hari ini, untuk angka jadi 4D bisa langsung hubungi Eyang,di 081290619516,monggo.

#huahineyang #huahinjitu #sydneypaus #sydneyangkajitu #togel #prediksitogel #angkajitutogel #angkaeyang #bandaronline #pialadunia2022 #fifaworldcup https://t.co/9FUKNmXVV6",silahkan kolab angka pasaran huahin angka hubungi eyang monggo,in,2,0,eyang_sugih,False,"huahineyang, huahinjitu, sydneypaus, sydneyangkajitu, togel, prediksitogel, angkajitutogel, angkaeyang, bandaronline, pialadunia2022, fifaworldcup",,,
1606920945272492035,Sun Dec 25 07:53:03 +0000 2022,"<a href=""https://dlvrit.com/"" rel=""nofollow"">dlvr.it</a>",Ronaldo Tidak Terima Messi Dicap Pemalas! https://t.co/hQAISOgHsV #Brazil #LionelMessi #PialaDunia2022 #PSG #RonaldoNazario https://t.co/Y8cU9oVVkz,ronaldo tidak terima messi dicap pemalas,in,0,0,Beritabaruco,False,"Brazil, LionelMessi, PialaDunia2022, PSG, RonaldoNazario",,"Jakarta Pusat, DKI Jakarta",
1606918704255881224,Sun Dec 25 07:44:08 +0000 2022,"<a href=""http://twitter.com/download/iphone"" rel=""nofollow"">Twitter for iPhone</a>","RT @GOAL_ID: ğŸ—£ï¸ ""Terima kasih telah memberikan saya Piala Dunia""

Kiper terbaik #PialaDunia2022 Emiliano Martinez memberikan pesan kepada sâ€¦",terima kasih piala dunia kiper terbaik emiliano martinez pesan s,in,0,9,Alifputralsmna,,PialaDunia2022,GOAL_ID,,
1606917341522325504,Sun Dec 25 07:38:43 +0000 2022,"<a href=""http://twitter.com/download/android"" rel=""nofollow"">Twitter for Android</a>","RT @GOAL_ID: Trezeguet menyayangkan kekalahan Prancis. Tetapi sebagai seseorang yang juga memiliki darah Argentina, ia mengaku Messi dkk paâ€¦",trezeguet menyayangkan kekalahan prancis memiliki darah argentina mengaku messi dan kawan-kawan pa,in,0,6,yogaadhptr,,,GOAL_ID,"DKI Jakarta, Indonesia",
1606911369869201409,Sun Dec 25 07:15:00 +0000 2022,"<a href=""https://studio.twitter.com"" rel=""nofollow"">Twitter Media Studio</a>","ğŸ—£ï¸ ""Terima kasih telah memberikan saya Piala Dunia""

Kiper terbaik #PialaDunia2022 Emiliano Martinez memberikan pesan kepada sang megabintang Lionel Messi. Seperti apa? Tonton selengkapnya di sini!

#Argentina #FIFAWorldCup #Qatar2022 https://t.co/IbhuMq5PUg",terima kasih piala dunia kiper terbaik emiliano martinez pesan sang megabintang lionel messi tonton selengkapnya,in,63,9,GOAL_ID,False,"PialaDunia2022, Argentina, FIFAWorldCup, Qatar2022",,Indonesia,
1606904887908143104,Sun Dec 25 06:49:14 +0000 2022,"<a href=""http://twitter.com/download/android"" rel=""nofollow"">Twitter for Android</a>","RT @GOAL_ID: Trezeguet menyayangkan kekalahan Prancis. Tetapi sebagai seseorang yang juga memiliki darah Argentina, ia mengaku Messi dkk paâ€¦",trezeguet menyayangkan kekalahan prancis memiliki darah argentina mengaku messi dan kawan-kawan pa,in,0,6,IsmailJuliansy6,,,GOAL_ID,,
1606904752973185027,Sun Dec 25 06:48:42 +0000 2022,"<a href=""http://twitter.com/download/android"" rel=""nofollow"">Twitter for Android</a>","RT @GOAL_ID: Trezeguet menyayangkan kekalahan Prancis. Tetapi sebagai seseorang yang juga memiliki darah Argentina, ia mengaku Messi dkk paâ€¦",trezeguet menyayangkan kekalahan prancis memiliki darah argentina mengaku messi dan kawan-kawan pa,in,0,6,matius_wonda,,,GOAL_ID,"DKI Jakarta, Indonesia",
1606898803948548098,Sun Dec 25 06:25:04 +0000 2022,"<a href=""https://mobile.twitter.com"" rel=""nofollow"">Twitter Web App</a>","Prediksi Piala AFF: Brunei Darussalam vs Timnas Indonesia 26 Desember 2022

Site : https://t.co/mUWZPMrxan

- Bonus Deposit Harian 10% (Max 200rb)
- Bonus Cashback Slots dan Sportbooks Up To 15%

#Bolasinga #pialadunia2022 #jadwalpialaduniaqatar #jadwalpialaduniaqatar2022 https://t.co/dCz3BHAvDJ",prediksi piala aff brunei darussalam vs timnas indonesia desember site bonus deposit harian max rb bonus cashback slots sportbooks up to,in,0,0,BolasingaNew,False,"Bolasinga, pialadunia2022, jadwalpialaduniaqatar, jadwalpialaduniaqatar2022",,,
1606892956765814784,Sun Dec 25 06:01:50 +0000 2022,"<a href=""http://twitter.com/download/android"" rel=""nofollow"">Twitter for Android</a>","RT @GOAL_ID: Trezeguet menyayangkan kekalahan Prancis. Tetapi sebagai seseorang yang juga memiliki darah Argentina, ia mengaku Messi dkk paâ€¦",trezeguet menyayangkan kekalahan prancis memiliki darah argentina mengaku messi dan kawan-kawan pa,in,0,6,pramudyo_1864,,,GOAL_ID,,
1606891141747838980,Sun Dec 25 05:54:37 +0000 2022,"<a href=""http://fajar.co.id/"" rel=""nofollow"">FAJAR.CO.ID</a>","Sukses Raih Gelar Piala Dunia, Lionel Messi Perpanjang Kontrak Bersama PSG https://t.co/OWZMKYGsAr #LionelMessi #Messi #PialaDunia2022 #PialaDuniaQatar2022",sukses raih gelar piala dunia lionel messi perpanjang kontrak psg,in,1,0,fajaronline,False,"LionelMessi, Messi, PialaDunia2022, PialaDuniaQatar2022",,"Jakarta, Indonesia",
1606887901635436546,Sun Dec 25 05:41:44 +0000 2022,"<a href=""http://twitter.com/download/android"" rel=""nofollow"">Twitter for Android</a>","Silahkan di kolab angka Pasaran SYDNEY hari ini, untuk angka jadi 4D bisa langsung hubungi Eyang, di 081290619516, monggo.

#sydneyeyang #sydneyjitu #sydneypaus #sydneyangkajitu #togel #prediksitogel #angkajitutogel #angkaeyang #bandaronline #pialadunia2022 #fifaworldcup https://t.co/iBR0U3BL7K",silahkan kolab angka pasaran sydney angka hubungi eyang monggo,in,1,0,eyang_sugih,False,"sydneyeyang, sydneyjitu, sydneypaus, sydneyangkajitu, togel, prediksitogel, angkajitutogel, angkaeyang, bandaronline, pialadunia2022, fifaworldcup",,,
1606885072908460033,Sun Dec 25 05:30:30 +0000 2022,"<a href=""https://studio.twitter.com"" rel=""nofollow"">Twitter Media Studio</a>","Trezeguet menyayangkan kekalahan Prancis. Tetapi sebagai seseorang yang juga memiliki darah Argentina, ia mengaku Messi dkk pantas menjadi jawara #PialaDunia2022 ğŸ™Œ

#FIFAWorldCup #Qatar2022 #ARG #FRA #TimKlasik https://t.co/e49yyO1zFz",trezeguet menyayangkan kekalahan prancis memiliki darah argentina mengaku messi dan kawan-kawan pantas jawara,in,61,6,GOAL_ID,False,"PialaDunia2022, FIFAWorldCup, Qatar2022, ARG, FRA, TimKlasik",,Indonesia,
1606878460118724609,Sun Dec 25 05:04:13 +0000 2022,"<a href=""http://twitter.com/download/android"" rel=""nofollow"">Twitter for Android</a>","RT @indizenborneo: Gol keren #Mbappe belum bisa bikin #Fra bawa pulang piala. SemangatğŸ«¶ğŸ»

Full time ğŸ‡¦ğŸ‡·3-3ğŸ‡«ğŸ‡·
Penalti ğŸ‡¦ğŸ‡·4-2ğŸ‡«ğŸ‡·

Selamat buat Aâ€¦",gol keren bikin bawa pulang piala semangatfull time penalti selamat a,in,0,21,Yustinabellinda,,"Mbappe, Fra",indizenborneo,,
1606877220555083782,Sun Dec 25 04:59:18 +0000 2022,"<a href=""http://twitter.com/download/android"" rel=""nofollow"">Twitter for Android</a>","RT @indizenborneo: Gol keren #Mbappe belum bisa bikin #Fra bawa pulang piala. SemangatğŸ«¶ğŸ»

Full time ğŸ‡¦ğŸ‡·3-3ğŸ‡«ğŸ‡·
Penalti ğŸ‡¦ğŸ‡·4-2ğŸ‡«ğŸ‡·

Selamat buat Aâ€¦",gol keren bikin bawa pulang piala semangatfull time penalti selamat a,in,0,21,SherinaRiady,,"Mbappe, Fra",indizenborneo,,
1606876452460584962,Sun Dec 25 04:56:15 +0000 2022,"<a href=""https://mobile.twitter.com"" rel=""nofollow"">Twitter Web App</a>","nebeng moment
 
#Argentina 
#PialaDunia2022 
#demokrat https://t.co/tboVcDBdjy",nebeng moment,tl,0,0,yopie_m,False,"Argentina, PialaDunia2022, demokrat",,,
1606874250320683010,Sun Dec 25 04:47:30 +0000 2022,"<a href=""https://mobile.twitter.com"" rel=""nofollow"">Twitter Web App</a>","pola andalan dari penonton enak banget buat dapat profit

â˜ https://t.co/31dMz0tKiG

#rtpslotgacor #pragmaticplay #malang #riau #likeforlike #rtpslot #fypage #slotgacor  #pialadunia2022 #fff #lfl #slotgacorhariini #fyp #palembang #bandung #medan #jakarta #surabaya #lampung https://t.co/fkZnk9xQGv",pola andalan penonton enak banget profit,in,0,0,Slotasiabet2,False,"rtpslotgacor, pragmaticplay, malang, riau, likeforlike, rtpslot, fypage, slotgacor, pialadunia2022, fff, lfl, slotgacorhariini, fyp, palembang, bandung, medan, jakarta, surabaya, lampung",,DKI Jakarta,
1606873369554685954,Sun Dec 25 04:44:00 +0000 2022,"<a href=""https://mobile.twitter.com"" rel=""nofollow"">Twitter Web App</a>","pola andalan dari penonton enak banget buat dapat profit

â˜ https://t.co/jBxZNikcw6

#rtpslotgacor #pragmaticplay #malang #riau #likeforlike #rtpslot #fypage #slotgacor  #pialadunia2022 #fff #lfl #slotgacorhariini #fyp #palembang #bandung #medan #jakarta #surabaya #lampung https://t.co/86ii0zieKW",pola andalan penonton enak banget profit,in,0,0,slotasiabet3,False,"rtpslotgacor, pragmaticplay, malang, riau, likeforlike, rtpslot, fypage, slotgacor, pialadunia2022, fff, lfl, slotgacorhariini, fyp, palembang, bandung, medan, jakarta, surabaya, lampung",,Surabaya,
1606873117766336513,Sun Dec 25 04:43:00 +0000 2022,"<a href=""https://mobile.twitter.com"" rel=""nofollow"">Twitter Web App</a>","pola andalan dari penonton enak banget buat dapat profit

â˜ https://t.co/bDLm3r97VJ

#rtpslotgacor #pragmaticplay #malang #riau #likeforlike #rtpslot #fypage #slotgacor  #pialadunia2022 #fff #lfl #slotgacorhariini #fyp #palembang #bandung #medan #jakarta #surabaya #lampung https://t.co/qkdprupFeJ",pola andalan penonton enak banget profit,in,1,0,Slotasiabet1,False,"rtpslotgacor, pragmaticplay, malang, riau, likeforlike, rtpslot, fypage, slotgacor, pialadunia2022, fff, lfl, slotgacorhariini, fyp, palembang, bandung, medan, jakarta, surabaya, lampung",,"DKI Jakarta, Indonesia",
1606871334549602305,Sun Dec 25 04:35:55 +0000 2022,"<a href=""https://apps.twitter.com"" rel=""nofollow"">Rt_Bot </a>","RT @pokecuador86: TOP *5* Pokemon TEAMS For The ULTRA PREMIER CLASSIC! 
https://t.co/cxi7fvsPI0 
#pokemongo #pokemon #gamer #gaming #game #â€¦",top pokemon teams for ultra premier classic,en,0,8,Retweelgend,False,"pokemongo, pokemon, gamer, gaming, game",pokecuador86,Disney Land Paris,
1606871081163362305,Sun Dec 25 04:34:54 +0000 2022,"<a href=""https://mobile.twitter.com"" rel=""nofollow"">Twitter Web App</a>","RT @pokecuador86: TOP *5* Pokemon TEAMS For The ULTRA PREMIER CLASSIC! 
https://t.co/cxi7fvsPI0 
#pokemongo #pokemon #gamer #gaming #game #â€¦",top pokemon teams for ultra premier classic,en,0,8,Christo63489266,False,"pokemongo, pokemon, gamer, gaming, game",pokecuador86,,
1606866922540261377,Sun Dec 25 04:18:23 +0000 2022,"<a href=""http://twitter.com/download/android"" rel=""nofollow"">Twitter for Android</a>","What a wonderful talent
#peterdruru #WorldCup #Argentina #WorldcupQatar2022 #WorldCup2022 #Worldwide https://t.co/B64twfWhkM",what a wonderful talent,en,0,0,Johnpaulezeh3,False,"peterdruru, WorldCup, Argentina, WorldcupQatar2022, WorldCup2022, Worldwide",,,
1606866238189506560,Sun Dec 25 04:15:39 +0000 2022,"<a href=""http://twitter.com/download/android"" rel=""nofollow"">Twitter for Android</a>","Eks Liverpool Soal Selebrasi Emiliano Martinez : Gak Lucu, Seperti Badut Vulgar
#Liverpool #EmilianoMartinez #Argentina #PialaDunia2022 #WorldCup https://t.co/GMd0Z3car7 lewat @Holopis.com",eks liverpool selebrasi emiliano martinez tidak lucu badut vulgar com,in,0,0,nandaputrafbs,False,"Liverpool, EmilianoMartinez, Argentina, PialaDunia2022, WorldCup",holopis,"Depok, Jawa Barat",
1606865907313434627,Sun Dec 25 04:14:21 +0000 2022,"<a href=""https://mobile.twitter.com"" rel=""nofollow"">Twitter Web App</a>","Eks Liverpool Soal Selebrasi Emiliano Martinez : Gak Lucu, Seperti Badut Vulgar
#EmilianoMartinez #Argentina #PialaDunia2022 #WorldCup #Liverpool  https://t.co/GMd0Z3car7 lewat @Holopis.com",eks liverpool selebrasi emiliano martinez tidak lucu badut vulgar com,in,0,0,nandaputrafbs,False,"EmilianoMartinez, Argentina, PialaDunia2022, WorldCup, Liverpool",holopis,"Depok, Jawa Barat",
1606861050791723008,Sun Dec 25 03:55:03 +0000 2022,"<a href=""http://twitter.com/download/android"" rel=""nofollow"">Twitter for Android</a>","Selain beasiswa, pemerataan pendidikan melalui pembangunan kampus-kampus baru di sejumlah daerah juga masif dilakukan.

#PDIPerjuangan 
#BantengMudaIndonesia 
#MudaBerjuang 
#GenerasiGotongRoyong 
#PialaDunia2022 
#PDIPM3nang",beasiswa pemerataan pendidikan pembangunan kampus kampus daerah masif,in,0,0,dppbmiofc,,"PDIPerjuangan, BantengMudaIndonesia, MudaBerjuang, GenerasiGotongRoyong, PialaDunia2022, PDIPM3nang",,"Bogor
",
1606856499829084161,Sun Dec 25 03:36:58 +0000 2022,"<a href=""http://twitter.com/download/android"" rel=""nofollow"">Twitter for Android</a>","How the hell was the soccer world cup not boycotted!?? #soccer
#WorldcupQatar2022 #WorldCup2022 
""The Guardian reported last year that 6,500 South Asian migrant workers have died in Qatar since the country was awarded the World Cup in 2010""
https://t.co/Nne9wii43y",how hell was soccer world cup not boycotted guardian reported last year that south asian migrant workers have died in qatar since country was awarded world cup in,en,0,0,Kkarma_yogi,False,"soccer, WorldcupQatar2022, WorldCup2022",,"Toronto, Ontario",
1606854049382662144,Sun Dec 25 03:27:13 +0000 2022,"<a href=""https://mobile.twitter.com"" rel=""nofollow"">Twitter Web App</a>","Konichiwa ges...
Ada bonus terbaru nih!!
Link : https://t.co/3bRbVmSAbb
Link : https://t.co/pi4tp0Aihx

#pragmaticplay #pragmatic #slotgacor #slotonline #11cak #SANGE_AAAAAAAAAAH #Thailand #Japan #China #pichvoteysarabody #PialaDunia2022 #christmas #messi #cambodian https://t.co/c44ZPMdWDE",konichiwa ges bonus terbaru link,in,0,0,11cakonline,False,"pragmaticplay, pragmatic, slotgacor, slotonline, 11cak, SANGE_AAAAAAAAAAH, Thailand, Japan, China, pichvoteysarabody, PialaDunia2022, christmas, messi, cambodian",,,
1606849267292938240,Sun Dec 25 03:08:13 +0000 2022,"<a href=""https://mobile.twitter.com"" rel=""nofollow"">Twitter Web App</a>","RT @argodzilla_joe: Good match, good match #Australia #AUSARG #Argentina #WorldCup2022 #WorldcupQatar2022 #hetalia #latinhetalia #aphaustraâ€¦",good match good match,en,0,19,Hello_Jazz123,,"Australia, AUSARG, Argentina, WorldCup2022, WorldcupQatar2022, hetalia, latinhetalia",argodzilla_joe,,
1606847753908518912,Sun Dec 25 03:02:12 +0000 2022,"<a href=""http://twitter.com/download/android"" rel=""nofollow"">Twitter for Android</a>","Eks Pelatih Brasil Dirampok Gara-gara Gagal di Piala Dunia 2022
#Brasil #PialaDunia2022 #WorldCup https://t.co/fio9oIGViO lewat @Holopis.com",eks pelatih brasil dirampok gara gara gagal piala dunia com,in,0,0,nandaputrafbs,False,"Brasil, PialaDunia2022, WorldCup",holopis,"Depok, Jawa Barat",
1606846480924704768,Sun Dec 25 02:57:09 +0000 2022,"<a href=""http://twitter.com/download/android"" rel=""nofollow"">Twitter for Android</a>","Main Juga Nggak, Toni Kroos Malah Dibilang Beban Timnas Jerman di Piala Dunia 2022
#ToniKroos #Jerman #PialaDunia2022 #WorldCup https://t.co/jtSFE0UN7f lewat @Holopis.com",main tidak toni kroos dibilang beban timnas jerman piala dunia com,in,0,0,nandaputrafbs,False,"ToniKroos, Jerman, PialaDunia2022, WorldCup",holopis,"Depok, Jawa Barat",
1606839246794391552,Sun Dec 25 02:28:24 +0000 2022,"<a href=""http://twitter.com/download/iphone"" rel=""nofollow"">Twitter for iPhone</a>","RT @fehgalvao_: I like Argentina and France ğŸ‘€
But I received an Argentina shirt so I wanted to wear itğŸ’™
#WorldCup2022 #WorldcupQatar2022 htâ€¦",i like argentina and france but i received an argentina shirt so i wanted to wear it ht,en,0,3196,RikuLuvHoes,,"WorldCup2022, WorldcupQatar2022",fehgalvao_,ğŸ‡¸ğŸ‡¸ğŸ‡¨ğŸ‡¦,
1606728583975927810,Sat Dec 24 19:08:40 +0000 2022,"<a href=""https://mobile.twitter.com"" rel=""nofollow"">Twitter Web App</a>","JADWAL PERTANDINGAN SEPAKBOLAâš½ Hari ini Minggu, 25 Desember 2022 sampai Senin, 26 Desember 2022 dini hari WIB:

#pialadunia #pialadunia2022 #pialadunia2022qatar #qatar #jadwalbola #indo11 #sbo #beritabola #sbo #beritasepakbola #jadwalsepakbola #sbobet #liga1 #liga1kitasatu https://t.co/NRPVCoUgXP",jadwal pertandingan sepakbola desember desember,in,1,0,kripto11indo,False,"pialadunia, pialadunia2022, pialadunia2022qatar, qatar, jadwalbola, indo11, sbo, beritabola, sbo, beritasepakbola, jadwalsepakbola, sbobet, liga1, liga1kitasatu",,jakarta selatan,
1606727511823757318,Sat Dec 24 19:04:25 +0000 2022,"<a href=""http://twitter.com/download/android"" rel=""nofollow"">Twitter for Android</a>",RT @kompascom: FIFA membuka penyelidikan terkait insiden Salt Bae masuk lapangan setelah laga final Piala Dunia 2022. / #SaltBae #Argentinaâ€¦,fifa membuka penyelidikan terkait insiden salt bae masuk lapangan laga final piala dunia,in,0,6,Heraloebss,,"SaltBae, Argentina",kompascom,"Medan Kota, Indonesia",
1606724537051414529,Sat Dec 24 18:52:35 +0000 2022,"<a href=""http://twitter.com/download/android"" rel=""nofollow"">Twitter for Android</a>","RT @bona00114: @funassyi ãã£ã¨2-0 ã§å‹ã¤ã‚ãªã£ã—ãƒ¼â™ª
#WorldcupQatar2022 
#æ—¥æœ¬å¯¾ã‚³ã‚¹ã‚¿ãƒªã‚«
#Worldcup2022 https://t.co/Ftvcz0wD5D",,ja,0,2,mini_kurokoge66,False,"WorldcupQatar2022, æ—¥æœ¬å¯¾ã‚³ã‚¹ã‚¿ãƒªã‚«, Worldcup2022","bona00114, funassyi",æ—¥æœ¬ã®ã©ã“ã‹ã«,
1606724240178155520,Sat Dec 24 18:51:25 +0000 2022,"<a href=""http://twitter.com/download/iphone"" rel=""nofollow"">Twitter for iPhone</a>","RT @PanAfricaFooty: ğŸ‡²ğŸ‡¦ğŸ™ï¸ | Graham Potter on Ziyech:

""We know his qualities, we appreciate him as a player, he has a high quality game betwâ€¦",graham potter on ziyech we know his qualities we appreciate him as a player he has a high quality game betw,en,0,1,ekene_dinidinho,,,PanAfricaFooty,,
1606724177641484288,Sat Dec 24 18:51:10 +0000 2022,"<a href=""http://twitter.com/download/android"" rel=""nofollow"">Twitter for Android</a>","RT @ko563022: @funassyi å‰åŠçµ‚ã‚ã£ã¦åŒç‚¹ï¼ãƒ¾(ã€‚ã‚œâ–½ã‚œ)ãƒã•ãå¾ŒåŠã„ã‘ã‚‹ãªã£ã—ãƒ¼ï¼

#WorldcupQatar2022 
#æ—¥æœ¬å¯¾ã‚³ã‚¹ã‚¿ãƒªã‚«
#WorldCup2022 https://t.co/TE4Q1vYwNm",,ja,0,2,mini_kurokoge66,False,"WorldcupQatar2022, æ—¥æœ¬å¯¾ã‚³ã‚¹ã‚¿ãƒªã‚«, WorldCup2022","ko563022, funassyi",æ—¥æœ¬ã®ã©ã“ã‹ã«,
1606724098561826816,Sat Dec 24 18:50:51 +0000 2022,"<a href=""http://twitter.com/download/iphone"" rel=""nofollow"">Twitter for iPhone</a>","ğŸ‡²ğŸ‡¦ğŸ™ï¸ | Graham Potter on Ziyech:

""We know his qualities, we appreciate him as a player, he has a high quality game between the lines as we saw during the World Cup"".

#Morocco #ziyech #ChelseaFC #Chelsea #DimaMaghrib #FIFAWorldCupQatar2022 #WorldCup2022 #WorldcupQatar2022 https://t.co/hWVlWK3fZz",graham potter on ziyech we know his qualities we appreciate him as a player he has a high quality game between lines as we saw during world cup,en,6,1,PanAfricaFooty,False,"Morocco, ziyech, ChelseaFC, Chelsea, DimaMaghrib, FIFAWorldCupQatar2022, WorldCup2022, WorldcupQatar2022",,,
1606723943054073856,Sat Dec 24 18:50:14 +0000 2022,"<a href=""http://twitter.com/download/android"" rel=""nofollow"">Twitter for Android</a>","RT @funassyi: å‰åŠçµ‚ã‚ã£ã¦åŒç‚¹ï¼ãƒ¾(ã€‚ã‚œâ–½ã‚œ)ãƒã•ãå¾ŒåŠã„ã‘ã‚‹ï¼ã„ã‘ã‚‹ã‚ãªã£ã—ãƒ¼ï¼ï¼ãã£ã¨2-0ã§å‹ã¤ãªã£ã—ãƒ¼ï¼

#WorldcupQatar2022 
#æ—¥æœ¬å¯¾ã‚³ã‚¹ã‚¿ãƒªã‚« 
#WorldCup2022 https://t.co/uOpsGkVoki",,ja,0,461,mini_kurokoge66,False,"WorldcupQatar2022, æ—¥æœ¬å¯¾ã‚³ã‚¹ã‚¿ãƒªã‚«, WorldCup2022",funassyi,æ—¥æœ¬ã®ã©ã“ã‹ã«,
1606716378823655427,Sat Dec 24 18:20:10 +0000 2022,"<a href=""https://mobile.twitter.com"" rel=""nofollow"">Twitter Web App</a>",#LEAKS #Messiğ“ƒµ #tracker #FIFA23 #FIFAWorldCup #fifainhindi #FIFAWorldCup2022 #WorldCup #WorldCupFinal #WorldCup2022 #WorldCupFinal #WorldcupQatar2022 #FIFAWorldCup2022Qatar #Ronaldoğ“ƒµ #Ronaldo #MessiVsEgg,,und,1,0,fut_reza,,"LEAKS, Messiğ“ƒµ, tracker, FIFA23, FIFAWorldCup, fifainhindi, FIFAWorldCup2022, WorldCup, WorldCupFinal, WorldCup2022, WorldCupFinal, WorldcupQatar2022, FIFAWorldCup2022Qatar, Ronaldoğ“ƒµ, Ronaldo, MessiVsEgg",,,
1606716348075495424,Sat Dec 24 18:20:03 +0000 2022,"<a href=""https://dlvrit.com/"" rel=""nofollow"">dlvr.it</a>","Geliat Tim-Tim Medioker dan Kembalinya Para Dewa Sepak Bola.

Piala Dunia 2022 di Qatar akhirnya Dijuarai Argentina, salah satu tim favorit. Namun inilah adalah Piala Dunia penuh kejutan yang. --â€¦ https://t.co/1HIOg4WnX8 #Sorotan #pialadunia #pialadunia2022 via @beritajatimcom",geliat tim tim medioker kembalinya dewa sepak bola piala dunia qatar dijuarai argentina salah tim favorit piala dunia penuh kejutan via,in,0,0,beritajatimcom,False,"Sorotan, pialadunia, pialadunia2022",beritajatimcom,Surabaya,
1606712562145325056,Sat Dec 24 18:05:00 +0000 2022,"<a href=""http://twitter.com/download/android"" rel=""nofollow"">Twitter for Android</a>",So when are we getting the Messi documentary ğŸ‡¦ğŸ‡· #Messi #Messiğ“ƒµday #MessiVsEgg #WorldcupQatar2022 #WorldCup2022,so when are we getting messi documentary,en,2,0,michael_izah,,"Messi, Messiğ“ƒµday, MessiVsEgg, WorldcupQatar2022, WorldCup2022",,"Lagos, Nigeria",
1606710918070808576,Sat Dec 24 17:58:28 +0000 2022,"<a href=""https://mobile.twitter.com"" rel=""nofollow"">Twitter Web App</a>","12 Inspiring Quotes from Pele the Greatest Football Legend

https://t.co/RnbOK3Tjj0 #Pele #Football #Soccer #WorldcupQatar2022 #WorldCup2022",inspiring quotes from pele greatest football legend,en,0,0,Geckoandfly,False,"Pele, Football, Soccer, WorldcupQatar2022, WorldCup2022",,,
1606706826300772353,Sat Dec 24 17:42:13 +0000 2022,"<a href=""https://mobile.twitter.com"" rel=""nofollow"">Twitter Web App</a>","Merry Chrismast &amp; Happy New Year
Yang mau bergabung langsung saja
WA : https://t.co/UiCNsYloZN
Link Daftar : https://t.co/YDhQSNeCRx

#Lukisanslot #Lukisanslotgacor #Lukisanbola  #slotgacor #situsslotgacor #rtpgacor #pialadunia2022 #situsterpercaya #situsbetingbola #situsterbaik https://t.co/LGRgCbYpUN",merry chrismast amp bahagia new yearyang bergabung sajawa daftar,in,1,0,lukisanslot,False,"Lukisanslot, Lukisanslotgacor, Lukisanbola, slotgacor, situsslotgacor, rtpgacor, pialadunia2022, situsterpercaya, situsbetingbola, situsterbaik",,,
1606704198900400130,Sat Dec 24 17:31:46 +0000 2022,"<a href=""http://twitter.com/download/iphone"" rel=""nofollow"">Twitter for iPhone</a>",Itâ€™s a #WorldCup2022 #WorldcupQatar2022 #FIFAWorldCupQatar2022 Merry #MerryChristmas #Christmas Christmas ğŸ„ https://t.co/b2tmDi0GSy,its a merry christmas,en,0,0,SaadAbedine,False,"WorldCup2022, WorldcupQatar2022, FIFAWorldCupQatar2022, MerryChristmas, Christmas",,Planet Fhloston,
1606694471747661825,Sat Dec 24 16:53:07 +0000 2022,"<a href=""https://mobile.twitter.com"" rel=""nofollow"">Twitter Web App</a>","RT @illarterate: Merry #Scoremas from @sontolhead! 

Day 1 of the Yle Text #teletext Advent calendar, new for 2022.

#WorldCup #footballWorâ€¦",merry from day of yle text advent calendar new for,en,0,3,sontolhead,,"Scoremas, teletext, WorldCup","illarterate, sontolhead","Mustikajaya, Bekasi, Indonesia",
1606693367081209856,Sat Dec 24 16:48:44 +0000 2022,"<a href=""http://twitter.com/download/android"" rel=""nofollow"">Twitter for Android</a>","RT @DPP_PPP: Halo pecinta sepakbola 

PPP ngadain tebak skor Final Piala Dunia Qatar 2022 nih

Yuk ikutan hadiahnya lumayan lhoo

Jawabnyaâ€¦",halo pecinta sepakbola ppp ngadain tebak skor final piala dunia qatar nihyuk ikutan hadiahnya lumayan lhoojawabnya,in,0,17,agoypmt09,,,DPP_PPP,Pekanbaru,
1606693018949779456,Sat Dec 24 16:47:21 +0000 2022,"<a href=""https://mobile.twitter.com"" rel=""nofollow"">Twitter Web App</a>","Sharing a few glimpses of the Care n Cure team enjoying the matches at biggest football tournament and cheering for their favourite teams. 

#football2022 #worldcup2022 #qatar #iloveqatar #qatarupdate #worldcupqatar2022 #worldcup2022live https://t.co/YqbbC51aSj",sharing a few glimpses of care cure team enjoying matches at biggest football tournament and cheering for their favourite teams,en,0,0,carencuregroup,False,"football2022, worldcup2022, qatar, iloveqatar, qatarupdate, worldcupqatar2022, worldcup2022live",,Qatar | UAE | Oman | KSA ,
1606691627912908802,Sat Dec 24 16:41:49 +0000 2022,"<a href=""http://twitter.com/download/iphone"" rel=""nofollow"">Twitter for iPhone</a>","ğŸ¶â€œE Messi senza calci di rigore non vince un caaaazzo, e Messi senza gol a porta vuota irregolari non vince un caaaazzoâ€ğŸ¶
#Messi #Qatar2022 #QatarWorldCup #WorldcupQatar2022 #WorldCup2022 #WorldCupFinal #ArgentinaVsFrance #ArgentinaFrancia #FranciaVsArgentina #MBAPPÃ‰",e messi senza calci rigore non vince un caaaazzo e messi senza gol a porta vuota irregolari non vince un caaaazzo,it,0,0,TheMocker_Real,,"Messi, Qatar2022, QatarWorldCup, WorldcupQatar2022, WorldCup2022, WorldCupFinal, ArgentinaVsFrance, ArgentinaFrancia, FranciaVsArgentina, MBAPPÃ‰",,,
1606690622697771009,Sat Dec 24 16:37:49 +0000 2022,"<a href=""http://twitter.com/download/android"" rel=""nofollow"">Twitter for Android</a>","RT @TelkomJabar: Argentina berhasil mencetak 4 gol dalam drama adu penalty, sedangkan dua gol Prancis dicetak oleh Mbappe dan Kolo Muani deâ€¦",argentina berhasil mencetak gol dalam drama adu penalty gol prancis dicetak mbappe kolo muani adik,in,0,15,derinps,,,TelkomJabar,,
